{
    "USERS": [
        
    ],
    "HTTP": [
        {
            "id": 1,
            "name": "Get User Profile",
            "method": "GET",
            "endpoint": "/api/users/{id}",
            "description": "Retrieves user profile information by user ID",
            "parameters": [
                {
                    "name": "id",
                    "type": "number",
                    "description": "The unique identifier of the user"
                }
            ],
            "response": "{\n  \"id\": 123,\n  \"username\": \"johndoe\",\n  \"email\": \"john@example.com\",\n  \"created_at\": \"2023-01-01T00:00:00Z\"\n}"
        },
        {
            "id": 2,
            "name": "Create User",
            "method": "POST",
            "endpoint": "/api/users",
            "description": "Creates a new user account",
            "parameters": [
                {
                    "name": "username",
                    "type": "string",
                    "description": "The username for the new account"
                },
                {
                    "name": "email",
                    "type": "string",
                    "description": "Email address"
                }
            ],
            "response": "{\n  \"success\": true,\n  \"message\": \"User created successfully\",\n  \"user_id\": 124\n}"
        },
        {
            "id": 3,
            "name": "Update User Profile",
            "method": "PUT",
            "endpoint": "/api/users/{id}",
            "description": "Updates user profile information",
            "parameters": [
                {
                    "name": "id",
                    "type": "number",
                    "description": "The unique identifier of the user"
                },
                {
                    "name": "username",
                    "type": "string",
                    "description": "The new username"
                },
                {
                    "name": "email",
                    "type": "string",
                    "description": "The new email address"
                }
            ],
            "response": "{\n  \"success\": true,\n  \"message\": \"User profile updated successfully\"\n}"
        },
        {
            "id": 4,
            "name": "Delete User",
            "method": "DELETE",
            "endpoint": "/api/users/{id}",
            "description": "Deletes a user account",
            "parameters": [
                {
                    "name": "id",
                    "type": "number",
                    "description": "The unique identifier of the user"
                }
            ],
            "response": "{\n  \"success\": true,\n  \"message\": \"User account deleted\"\n}"
        }
    ],
    "TCP_UDP":[
        {
            "id": 1,
            "name": "Echo",
            "protocol": "TCP",
            "port": 7,
            "description": "Echoes back any data sent to it"
        },
        {
            "id": 2,
            "name": "Daytime",
            "protocol": "TCP",
            "port": 13,
            "description": "Returns the current date and time"
        }
    ]
}
